issue_id	area	symptom	root_cause	resolution	commits	regression_evidence	acceptance_status
runtime-native-python	runtime	VLAN setup could require an unnecessary managed Python build on a compatible PVE host	The VLAN runner bypassed the shared native-runtime compatibility decision	Use the shared detector and accept compatible native Python before the legacy build fallback	cbaac75	actions/validate.runtime.sh and actions/validate.pages.sh	accepted
incomplete-data-topology	network-preflight	A stale or incomplete snapshot could be treated as update-ready	Snapshot readiness did not require the full live bridge member address and management-route topology	Fail closed and preserve the last complete update-ready snapshot	fa89cdf	tests/unit/network_snapshot_policy_test.sh	accepted
data-link-transaction	host-network	Bridge mutation risked partial state or management-path drift	Discovery write apply verification and rollback were not one immutable transaction	Split the DATA-Link workflow into reviewed stages with backups identity revalidation and rollback	b9b7a2d	tests/unit/data_link_policy_test.sh	accepted
literal-newline-rendering	host-network	The candidate failed structure validation because rendered interface records were not real lines	Escaped newline text crossed YAML Jinja and shell layers	Render the complete candidate from a dedicated template and reject literal backslash-n output	2fefda1	tests/unit/data_link_policy_test.sh	accepted
existing-data-nic	host-network	Canonical repair could duplicate or discard an existing selected physical NIC declaration	Legacy cleanup handled the owned bridge without a complete external-stanza policy	Preserve zero or one manual IPv4 declaration and reject conflicting methods or duplicates	85bdb11	tests/unit/data_link_policy_test.sh	accepted
manual-parser-escaping	parser	Production parsed the IPv4 method manual as ma	Doubled control escapes in a negated regex class excluded literal n r and t while CI used a different copied parser	Move parsing policy rendering and validation into one production task include consumed by both the playbook and fixtures	4a57732,9f75c42,57d225a,f5f1c4a	tests/unit/data_link_policy_test.sh and tests/unit/ansible_regex_presence_policy_test.sh	accepted
ifreload-warning-repair	host-network	ifreload returned duplicate-interface invalid-bridge-attribute and unrecognized-interface warnings even with a zero exit status	Baseline repair evidence and generated-candidate acceptance were not separated and diagnostics could be flattened	Allow only identified owned legacy warnings as repair input then require both generated no-action checks to be warning-free while preserving diagnostic lines	4bdb08a,152cc37	tests/unit/data_link_ifreload_policy_test.sh	accepted
address-input-and-arping	guest-network	Bare IPv4 input was rejected subnet addresses could be selected and duplicate detection failed late when arping was absent	Host-address normalization assignability validation and dependencies were split across layers	Normalize bare input with an explicit default prefix reject subnet or broadcast addresses install and require iputils-arping and probe before preview and apply	b22d2dd,10e856b	tests/unit/network_update_playbook_policy_test.sh and tests/unit/network_snapshot_policy_test.sh	accepted
recursive-ansible-defaults	guest-network	Runtime-facts persistence failed with maximum recursion while resolving an overridable path	An Ansible variable was defined in terms of itself through default()	Separate immutable defaults from caller values and resolve explicit effective paths before task arguments	b22d2dd	tests/unit/network_update_playbook_policy_test.sh	accepted
lxc-nic-semantic-verify	guest-network	PVE applied the NIC but verification failed and rolled it back because field order and generated values changed	Raw serialized NIC strings were compared instead of parsed meaning	Use one production LXC NIC parser for no-op detection apply verification recovery rollback and fixtures	080e13a,5695dae	tests/unit/network_lxc_nic_policy_test.sh tests/unit/network_update_playbook_policy_test.sh and tests/unit/network_update_transaction_policy_test.sh	accepted
firewall-policy-scope	firewall	Firewall apply used unsupported policy scope and a second host firewall could conflict with Proxmox chains	Cluster and node responsibilities were mixed and legacy host UFW remained an independent authority	Set default policy only at the supported cluster scope enable node policy separately and transactionally retire or restore host UFW	bd01f28,121692f	actions/validate.lxc.samba.sh and actions/validate.pages.sh	accepted
samba-render-nesting	samba	Rendered share selection could land under the wrong structured parent	The generated YAML path was line-matched instead of parsed as a complete document	Render and parse the complete structure then validate final nesting and types	123ca44	tests/unit/samba_credential_policy_test.sh	accepted
samba-runtime-facts	samba	Runtime share facts could serialize with the wrong value shape	Structured share state was not normalized before persistence	Serialize normalized share facts used by subsequent verification	908474f	actions/validate.lxc.samba.sh	accepted
single-share-convergence	samba	Earlier documentation and runtime paths could produce separate read-only and read-write shares or fail after boot	Share contract and boot-time DATA-Link readiness were implemented in separate evolving paths	Converge one operator-named guest-read authenticated-write share add a DATA-Link readiness guard and verify the parsed final smb.conf	f720e44,a3fb027	tests/unit/samba_config_policy_test.py and tests/unit/samba_credential_policy_test.sh	accepted
